BEGIN TRANSACTION;
CREATE TABLE IF NOT EXISTS "Employee" (
	"EmployeeID"	INTEGER,
	"FirstName"	TEXT,
	"LastName"	TEXT,
	"DateOfBirth"	TEXT,
	"JobTitle"	TEXT,
	"Department"	TEXT,
	"WorkLocation"	TEXT,
	"EmploymentStatus"	TEXT,
	"Email"	TEXT,
	"PhoneNumber"	TEXT,
	"HourlyRate"	REAL,
	"Notes"	TEXT,
	"IsDeleted"	INTEGER NOT NULL DEFAULT 0,
	"HardSkill1"	TEXT,
	"HardSkill2"	TEXT,
	"SoftSkill1"	TEXT,
	"SoftSkill2"	TEXT,
	"IsManager"	NUMERIC NOT NULL DEFAULT 0,
	"IsCEO"	NUMERIC NOT NULL DEFAULT 0,
	PRIMARY KEY("EmployeeID")
);
CREATE TABLE IF NOT EXISTS "HardSkills" (
	"HardSkill"	TEXT,
	"IsDeleted"	INTEGER NOT NULL DEFAULT 0
);
CREATE TABLE IF NOT EXISTS "JobHistory" (
	"JobHistoryID"	INTEGER,
	"EmployeeID"	INTEGER,
	"JobTitle"	TEXT,
	"CompanyName"	TEXT,
	"StartDate"	TEXT,
	"EndDate"	TEXT,
	"City"	TEXT,
	"Description"	TEXT,
	"QuitReason"	TEXT,
	"IsDeleted"	INTEGER NOT NULL DEFAULT 0,
	PRIMARY KEY("JobHistoryID"),
	CONSTRAINT "EmployeeID" FOREIGN KEY("EmployeeID") REFERENCES "Employee"("EmployeeID")
);
CREATE TABLE IF NOT EXISTS "SoftSkills" (
	"SoftSkill"	TEXT,
	"IsDeleted"	INTEGER NOT NULL DEFAULT 0
);
CREATE TABLE IF NOT EXISTS "SprintEvaluation" (
	"EmployeeID"	INTEGER,
	"SprintEvaluationID"	INTEGER,
	"PerformanceReview"	TEXT,
	"Feedback"	TEXT,
	"Suggestions"	TEXT,
	"Goals"	TEXT,
	"SubmissionDate"	TEXT,
	"IsSubmitted"	TEXT NOT NULL DEFAULT 0,
	"IsDeleted"	INTEGER NOT NULL DEFAULT 0,
	PRIMARY KEY("SprintEvaluationID"),
	FOREIGN KEY("EmployeeID") REFERENCES "Employee"("EmployeeID")
);
CREATE TABLE IF NOT EXISTS "SurveySatisfaction" (
	"SurveyID"	INTEGER,
	"EmployeeID"	INTEGER,
	"SubmissionDate"	TEXT,
	"SatisfactionLevel"	INTEGER,
	"GrowthOpportunities"	TEXT,
	"FavoriteAspect"	TEXT,
	"CommunicationRating"	INTEGER,
	"AdditionalComments"	TEXT,
	PRIMARY KEY("SurveyID"),
	CONSTRAINT "EmployeeID" FOREIGN KEY("EmployeeID") REFERENCES "Employee"("EmployeeID")
);
INSERT INTO "Employee" ("EmployeeID","FirstName","LastName","DateOfBirth","JobTitle","Department","WorkLocation","EmploymentStatus","Email","PhoneNumber","HourlyRate","Notes","IsDeleted","HardSkill1","HardSkill2","SoftSkill1","SoftSkill2","IsManager","IsCEO") VALUES (0,'Kyle','Owen','1996-07-10','QA','DEV','MSU','Intern','kyle.owen@example.com','9876543210',18.0,'TestNotes',0,NULL,NULL,NULL,NULL,0,0),
 (1,'Bob','Smith','1996-07-10','Junior Developer','DEV','Office','Full-time','bob.smith@example.com','1234567890',36.5,'Test Notes',0,NULL,NULL,NULL,NULL,0,0),
 (2,'James','Duncan','1998-06-05','Sales Representative','SLS','Office','Full-time','james.duncan@example.com','6958741230',25.0,NULL,0,NULL,NULL,NULL,NULL,0,0),
 (3,'Sarah','Jonson','1998-06-05','Customer Service','SPT','Office','Part-time','sarah.jonson@example.com','3216549870',21.0,'Notes?
',0,NULL,NULL,NULL,NULL,0,0),
 (4,'Alice','Johnson','1987-03-15','Senior Developer','DEV','Office','Full-time','alice.johnson@example.com','5551234567',40.0,'Lead on Project X',0,NULL,NULL,NULL,NULL,0,0),
 (5,'HelloWorld','Brown','1990-07-20','Marketing Manager','MKT','Office','Full-time','mike.brown@example.com','5559876543',38.0,'Oversaw campaign Y',0,NULL,NULL,NULL,NULL,0,0),
 (6,'Emily','Davis','1992-11-11','HR Specialist','HR','Office','Part-time','emily.davis@example.com','5552468109',20.0,'Recruitment and benefits',0,NULL,NULL,NULL,NULL,0,0),
 (7,'Tom','Wilson','1985-08-30','Finance Analyst','FIN','Remote','Full-time','tom.wilson@example.com','5551357912',37.0,'Quarterly reports',0,NULL,NULL,NULL,NULL,0,0),
 (8,'Linda','Garcia','1998-06-05','Junior QA Tester','DEV','Office','Intern','linda.garcia@example.com','5558642097',35.0,'Test scripts and automation',0,NULL,NULL,NULL,NULL,0,0),
 (9,'Nancy','Miller','1984-12-12','Senior Software Engineer','DEV','Remote','Full-time','nancy.miller@example.com','5553214321',42.0,'Lead developer for app Z',0,NULL,NULL,NULL,NULL,0,0),
 (10,'Gary','Martinez','1993-05-22','Product Designer','SLS','Office','Full-time','gary.martinez@example.com','5556574839',38.0,'User interface design',0,NULL,NULL,NULL,NULL,0,0),
 (11,'Sophia','Lee','1991-09-18','Sales Manager','SLS','Office','Full-time','sophia.lee@example.com','5557890123',40.0,'Overseeing sales strategy',0,NULL,NULL,NULL,NULL,0,0),
 (12,'Brian','Wilson','1989-02-28','DevOps Engineer','DEV','Office','Full-time','brian.wilson@example.com','5551239876',40.0,'Infrastructure and deployment',0,NULL,NULL,NULL,NULL,0,0),
 (13,'Olivia','Anderson','1996-07-10','Customer Support Specialist','SPT','Office','Part-time','olivia.anderson@example.com','5552468135',24.0,'Customer inquiries and support',0,NULL,NULL,NULL,NULL,0,0);
INSERT INTO "HardSkills" ("HardSkill","IsDeleted") VALUES ('Java',0),
 ('OOP',0),
 ('Python',0),
 ('C++',0),
 ('C#',0),
 ('JavaScript',0),
 ('TypeScript',0),
 ('Ruby',0),
 ('Go',0),
 ('Swift',0),
 ('Kotlin',0),
 ('Rust',0),
 ('PHP',0),
 ('Machine Learning',0),
 ('GIT',0);
INSERT INTO "JobHistory" ("JobHistoryID","EmployeeID","JobTitle","CompanyName","StartDate","EndDate","City","Description","QuitReason","IsDeleted") VALUES (1,1,'Software Engineer','TechCorp','2018-01-15','2020-06-30','New York','Developed web applications.','Looking for better opportunities',0),
 (2,1,'Senior Software Engineer','Innovatech','2020-07-01','2023-12-31','San Francisco','Led a team of developers.','Company restructure',0),
 (3,2,'Marketing Coordinator','MarketGuru','2017-03-01','2019-08-15','Chicago','Coordinated marketing campaigns.','Pursuing further education',0),
 (4,2,'Marketing Manager','BrandBuilders','2019-09-01','2024-01-20','Boston','Managed marketing strategies.','Seeking new challenges',0),
 (5,3,'Accountant','FinancePros','2016-05-10','2019-11-30','Los Angeles','Handled financial reports.','Relocation',0),
 (6,3,'Senior Accountant','MoneyMatters','2020-01-05','2024-02-28','Seattle','Oversaw accounting department.','Career advancement',0),
 (7,4,'Human Resources Specialist','PeopleFirst','2015-07-20','2018-12-31','Houston','Managed recruitment processes.','Seeking better work-life balance',0),
 (8,4,'HR Manager','TalentHub','2019-01-01','2024-03-15','Dallas','Led HR initiatives.','Company merger',0),
 (9,5,'Graphic Designer','CreativeStudio','2018-04-01','2021-09-30','Austin','Designed marketing materials.','Freelancing',0),
 (10,5,'Senior Graphic Designer','DesignPros','2021-10-01','2024-04-25','Denver','Led design projects.','Seeking leadership role',0),
 (11,6,'Sales Associate','SellWell','2019-02-15','2021-07-31','Miami','Managed client relationships.','Career change',0),
 (12,6,'Sales Manager','TopSales','2021-08-01','2024-05-10','Atlanta','Led sales team.','Looking for new opportunities',0),
 (13,7,'Customer Service Representative','HelpDesk','2017-06-01','2020-12-31','Phoenix','Assisted customers with inquiries.','Relocation',0),
 (14,7,'Customer Service Manager','ClientCare','2021-01-01','2024-06-20','San Diego','Managed customer service team.','Company downsizing',0),
 (15,8,'Data Analyst','DataSolutions','2018-09-15','2021-03-31','Philadelphia','Analyzed business data.','Seeking higher position',0),
 (16,8,'Senior Data Analyst','InsightAnalytics','2021-04-01','2024-07-30','Charlotte','Led data analysis projects.','Looking for new challenges',0),
 (17,9,'Project Coordinator','BuildIt','2016-11-01','2019-05-31','San Jose','Coordinated project timelines.','Pursuing certification',0),
 (18,9,'Project Manager','ConstructCo','2019-06-01','2024-08-15','Portland','Managed construction projects.','Career growth',0),
 (19,10,'Business Analyst','BizAnalytics','2017-08-20','2020-02-28','Las Vegas','Performed business analysis.','Seeking new opportunities',0),
 (20,10,'Senior Business Analyst','EnterpriseSolutions','2020-03-01','2024-09-30','Orlando','Led business analysis teams.','Company restructuring',0),
 (21,11,'IT Support Specialist','TechHelp','2018-10-10','2021-04-30','Nashville','Provided IT support to staff.','Career advancement',0),
 (22,11,'IT Manager','TechSolutions','2021-05-01','2024-10-20','Minneapolis','Managed IT department.','Seeking leadership roles',0),
 (23,12,'Content Writer','WriteWell','2019-01-15','2021-07-31','Detroit','Created content for websites.','Freelancing',0),
 (24,12,'Senior Content Writer','ContentMasters','2021-08-01','2024-11-10','Cleveland','Led content creation projects.','Looking for new challenges',0),
 (25,13,'Operations Assistant','OperateInc','2017-04-01','2019-12-31','Baltimore','Assisted in daily operations.','Pursuing further education',0),
 (26,13,'Operations Manager','StreamlineCorp','2020-01-01','2024-12-31','Cincinnati','Managed operational processes.','Career growth',0),
 (28,10,'Junior Business Analyst','BizAnalytics','2015-08-20','2016-07-31','Las Vegas','Assisted in business analysis and process improvement.','Seeking growth',0),
 (29,10,'Business Analyst','BizAnalytics','2016-08-01','2020-02-28','Las Vegas','Performed business analysis and process improvement.','Seeking new opportunities',0),
 (30,10,'Senior Business Analyst','EnterpriseSolutions','2020-03-01','2024-09-30','Orlando','Led business analysis teams and strategic projects.','Company restructuring',0),
 (31,11,'IT Support Technician','TechHelp','2016-10-10','2017-09-30','Nashville','Provided IT support and troubleshooting.','Career growth',0),
 (32,11,'IT Support Specialist','TechHelp','2017-10-01','2018-09-30','Nashville','Provided IT support and troubleshooting.','Career advancement',0),
 (33,11,'IT Manager','TechSolutions','2021-05-01','2024-10-20','Minneapolis','Managed the IT department and infrastructure.','Seeking leadership roles',0),
 (34,12,'Junior Content Writer','WriteWell','2016-01-15','2018-12-31','Detroit','Created content for websites and marketing materials.','Seeking growth',0),
 (35,12,'Content Writer','WriteWell','2019-01-15','2021-07-31','Detroit','Created content for websites and marketing materials.','Freelancing',0),
 (36,12,'Senior Content Writer','ContentMasters','2021-08-01','2024-11-10','Cleveland','Led content creation projects and coordinated with the marketing team.','Looking for new challenges',0),
 (37,13,'Operations Assistant','OperateInc','2015-04-01','2016-03-31','Baltimore','Assisted in daily operations and logistics.','Seeking growth',0),
 (38,13,'Operations Coordinator','OperateInc','2016-04-01','2019-12-31','Baltimore','Coordinated operational processes and logistics.','Pursuing further education',0),
 (39,13,'Operations Manager','StreamlineCorp','2020-01-01','2024-12-31','Cincinnati','Managed operational processes and improved efficiency.','Career growth',0),
 (40,1,'Lead Developer','FutureTech','2022-01-01','2024-05-31','Boston','Led the development team in creating scalable applications.','Seeking executive role',0),
 (41,1,'Technical Architect','NextGen Solutions','2024-06-01','2027-12-31','Seattle','Designed system architectures for enterprise solutions.','Pursuing higher education',0),
 (42,2,'Senior Marketing Manager','BrandBuilders','2024-02-01','2026-07-31','Boston','Oversaw multiple marketing campaigns and managed a larger team.','Looking for international experience',0),
 (43,2,'Marketing Director','GlobalMarketing Inc.','2026-08-01','2029-12-31','New York','Directed global marketing strategies and initiatives.','Retirement',0),
 (44,3,'Finance Manager','MoneyMatters','2024-03-01','2026-12-31','Seattle','Managed financial planning and analysis for the company.','Seeking entrepreneurial opportunities',0),
 (45,3,'Chief Financial Officer','FinancePros','2027-01-01','2030-06-30','San Francisco','Oversaw all financial operations and strategic planning.','Retirement',0),
 (46,4,'Senior HR Manager','TalentHub','2024-04-01','2027-09-30','Dallas','Managed senior HR initiatives and policies.','Pursuing consultancy',0),
 (47,4,'Director of Human Resources','PeopleFirst','2027-10-01','2030-12-31','Chicago','Directed all HR operations and strategic HR planning.','Retirement',0),
 (48,5,'Art Director','DesignPros','2024-05-01','2026-11-30','Denver','Led creative projects and directed the design team.','Seeking executive position',0),
 (49,5,'Creative Director','Innovative Designs','2026-12-01','2029-12-31','Los Angeles','Oversaw all creative aspects and led major design initiatives.','Retirement',0),
 (50,6,'Regional Sales Director','TopSales','2024-06-01','2027-03-31','Atlanta','Directed sales strategies across multiple regions.','Looking for global opportunities',0),
 (51,6,'Vice President of Sales','GlobalSales Inc.','2027-04-01','2030-12-31','New York','Led the global sales division and developed international markets.','Retirement',0),
 (52,7,'Senior Customer Service Manager','ClientCare','2024-07-01','2026-12-31','San Diego','Managed large customer service teams and improved service protocols.','Seeking executive role',0),
 (53,7,'Director of Customer Experience','CustomerFirst','2027-01-01','2030-06-30','Los Angeles','Directed customer experience strategies and initiatives.','Retirement',0),
 (54,8,'Lead Data Scientist','InsightAnalytics','2024-08-01','2027-05-31','Charlotte','Led data science projects and mentored junior analysts.','Seeking academic role',0),
 (55,8,'Chief Data Officer','DataSolutions','2027-06-01','2030-12-31','San Francisco','Oversaw all data-related operations and strategies.','Retirement',0),
 (56,9,'Senior Project Manager','ConstructCo','2024-09-01','2026-12-31','Portland','Managed complex construction projects and coordinated large teams.','Looking for executive position',0),
 (57,9,'Director of Project Management','BuildIt','2027-01-01','2030-06-30','Seattle','Directed project management strategies and oversaw multiple projects.','Retirement',0);
INSERT INTO "SoftSkills" ("SoftSkill","IsDeleted") VALUES ('Teamwork',0),
 ('Leadership',0),
 ('Emotional Intelligence',0),
 ('Organization',0),
 ('Flexibility',0),
 ('Communication',0),
 ('Self-motivation',0),
 ('Problem-solving',0),
 ('Openness to learning',0),
 ('Integrity',0),
 ('Self-confidence',0),
 ('Public speaking',0),
 ('Open-mindedness',0),
 ('Professionalism',0),
 ('Positive attitude',0);
INSERT INTO "SprintEvaluation" ("EmployeeID","SprintEvaluationID","PerformanceReview","Feedback","Suggestions","Goals","SubmissionDate","IsSubmitted","IsDeleted") VALUES (12,1,'Very Good Performance','You did great!','Next time do not ask me any questions!','Do not get fired','01/15/2023','0',0),
 (5,2,'Awful','You did terrible','Do better','Learn how to do good','03/20/2023','0',0),
 (2,3,'Good understanding of project requirements and prompt in delivery.','Great initiative shown in project planning.','Focus on testing to reduce post-release bugs.','Enhance unit testing skills, reduce bug count by 15%.','02/10/2023','1',0),
 (2,4,'Met most sprint goals, needs to participate more in meetings.','Your technical skills are strong, but work on visibility.','Propose at least one new feature in the next planning session.','Develop a deeper understanding of product features.','04/25/2023','1',0),
 (3,5,'Excellent teamwork and adaptability to changing priorities.','You are a great team player.','Take the lead on a smaller project.','Lead a project and improve project management skills.','02/28/2023','1',0),
 (3,6,'Solid contribution but needs to focus more on quality.','Good effort overall.','Work on code reviews to identify more defects.','Increase code review involvement.','05/15/2023','0',0),
 (4,7,'Exceeded targets in sales and customer retention.','Fantastic job! Try to focus on cross-selling opportunities.','Consider attending a sales leadership workshop.','Expand the client base by 10%.','01/30/2023','1',0),
 (4,8,'Met expectations but needs to work on time management.','You did well in customer engagement.','Attend time management training.','Improve efficiency in closing sales.','03/18/2023','1',0),
 (5,9,'Improved performance compared to last sprint, but consistency is needed.','Keep up the effort!','Try to keep a steady pace throughout the sprint.','Aim for consistent output across sprints.','04/15/2023','0',0),
 (5,10,'Good problem-solving skills but needs to take initiative.','You have potential for a leadership role.','Take initiative in team meetings.','Develop leadership skills.','06/20/2023','1',0),
 (6,11,'Achieved all key metrics and contributed to team success.','You have a great work ethic.','Consider mentoring new employees.','Focus on mentoring skills.','02/05/2023','1',0),
 (6,12,'Needs improvement in documenting work.','Work on improving documentation practices.','Use templates for documentation.','Create thorough documentation for all assigned tasks.','05/10/2023','1',0),
 (7,13,'Excellent in handling high-pressure situations.','Keep up the great performance.','Focus on long-term strategy for the team.','Plan strategic objectives for the next two quarters.','03/01/2023','1',0),
 (7,14,'Good performance, but needs to improve presentation skills.','You have the potential to engage clients better.','Join a presentation skills workshop.','Enhance client presentation skills.','06/12/2023','0',0),
 (8,15,'Exceeded targets in app development and deployment.','Fantastic work!','Focus on reducing technical debt.','Refactor old codebase.','01/22/2023','1',0),
 (8,16,'Good collaboration, but needs improvement in code efficiency.','Focus on writing more efficient code.','Read up on code optimization techniques.','Increase code efficiency by 15%.','03/14/2023','0',0),
 (9,17,'Consistent in handling customer queries.','You have been a great asset to the team.','Work on handling escalations better.','Take training for advanced customer handling.','04/01/2023','1',0),
 (9,18,'Improved problem resolution time.','Well done in resolving complex issues.','Consider training new joiners.','Train new customer service reps.','06/17/2023','1',0),
 (10,19,'Great job in team collaboration and sprint execution.','Solid work overall.','Try to be more vocal in team discussions.','Lead a discussion in the next team meeting.','03/29/2023','1',0),
 (10,20,'Needs to focus on staying within deadlines.','Good work but time management is key.','Use time-tracking tools effectively.','Complete tasks within deadlines consistently.','05/08/2023','0',0),
 (11,21,'Strong performance in network troubleshooting.','Excellent dedication.','Work on automating routine tasks.','Automate at least 3 processes.','04/15/2023','1',0),
 (11,22,'Needs improvement in handling client escalations.','Keep working on communication skills.','Attend a conflict resolution course.','Improve client interaction.','06/05/2023','1',0),
 (12,23,'Good technical skills, needs to take initiative.','Solid technical base.','Focus on proactive issue resolution.','Take initiative in team problem-solving.','02/18/2023','1',0),
 (12,24,'Exceeded expectations in project delivery.','Fantastic work!','Consider mentoring peers.','Mentor at least two junior employees.','05/22/2023','1',0);
INSERT INTO "SurveySatisfaction" ("SurveyID","EmployeeID","SubmissionDate","SatisfactionLevel","GrowthOpportunities","FavoriteAspect","CommunicationRating","AdditionalComments") VALUES (1,0,'2023-10-01',4,'Yes','Collaborative team environment',5,'Keep up the good work!'),
 (2,1,'2023-10-02',3,'No','Flexible work hours',4,'Would appreciate more growth opportunities.'),
 (3,2,'2023-10-03',5,'Yes','Challenging projects',5,'Very satisfied with my role.'),
 (4,3,'2023-10-04',2,'No','Office location',3,'Communication could be improved.'),
 (5,4,'2023-10-05',4,'Yes','Supportive management',4,'Happy with the current work culture.'),
 (6,5,'2023-10-06',3,'Yes','Good benefits package',3,'Looking forward to more training opportunities.'),
 (7,6,'2023-10-07',5,'Yes','Innovation encouraged',5,'Great place to work!'),
 (8,7,'2023-10-08',2,'No','Colleagues are friendly',2,'Workload is overwhelming at times.'),
 (9,8,'2023-10-09',4,'Yes','Learning opportunities',4,'Appreciate the mentorship programs.'),
 (10,9,'2023-10-10',3,'No','Remote work options',3,'Would like more clarity on promotion paths.'),
 (11,10,'2023-10-11',5,'Yes','Company culture',5,'I feel valued and recognized.'),
 (12,11,'2023-10-12',1,'No','Salary is acceptable',2,'Considering other opportunities due to lack of growth.');
COMMIT;
